{
  "zoneId": "5ac012583e194204e0afef6b",
  "epoch": 1546300800,
  "longitud": -10.123123123,
  "latitud": -10.1231231123,
  "refreshWindow": 3
}
