{
  "zoneId": "5ac012583e194204e0afef6b",
  "epoch": 1558413131,
  "longitud": -10.123123123,
  "latitud": -10.123123123,
  "refreshWindow": 3
}
